LOAN_ID,GENDER,MARRIED,DEPENDENTS,EDUCATION,SELF_EMPLOYED,APPLICANTINCOME,COAPPLICANTINCOME,LOANAMOUNT,LOAN_AMOUNT_TERM,CREDIT_HISTORY,PROPERTY_AREA,LOAN_STATUS,TOTALINCOME
LP002443,Male,Yes,2,Graduate,No,3340,1710,150.0,360.0,0.0,Rural,0,5050
LP002444,Male,No,1,Not Graduate,Yes,2769,1542,190.0,360.0,1.0,Semiurban,0,4311
LP002446,Male,Yes,2,Not Graduate,No,2309,1255,125.0,360.0,0.0,Rural,0,3564
LP002447,Male,Yes,2,Not Graduate,No,1958,1456,60.0,300.0,1.0,Urban,1,3414
LP002448,Male,Yes,0,Graduate,No,3948,1733,149.0,360.0,0.0,Rural,0,5681
LP002449,Male,Yes,0,Graduate,No,2483,2466,90.0,180.0,0.0,Rural,1,4949
LP002453,Male,No,0,Graduate,Yes,7085,0,84.0,360.0,1.0,Semiurban,1,7085
LP002455,Male,Yes,2,Graduate,No,3859,0,96.0,360.0,1.0,Semiurban,1,3859
LP002459,Male,Yes,0,Graduate,No,4301,0,118.0,360.0,1.0,Urban,1,4301
LP002467,Male,Yes,0,Graduate,No,3708,2569,173.0,360.0,1.0,Urban,0,6277
LP002472,Male,No,2,Graduate,No,4354,0,136.0,360.0,1.0,Rural,1,4354
LP002473,Male,Yes,0,Graduate,No,8334,0,160.0,360.0,1.0,Semiurban,0,8334
LP002478,Male,Yes,0,Graduate,Yes,2083,4083,160.0,360.0,1.0,Semiurban,1,6166
LP002484,Male,Yes,3,Graduate,No,7740,0,128.0,180.0,1.0,Urban,1,7740
LP002487,Male,Yes,0,Graduate,No,3015,2188,153.0,360.0,1.0,Rural,1,5203
LP002489,Female,No,1,Not Graduate,No,5191,0,132.0,360.0,1.0,Semiurban,1,5191
LP002493,Male,No,0,Graduate,No,4166,0,98.0,360.0,0.0,Semiurban,0,4166
LP002494,Male,No,0,Graduate,No,6000,0,140.0,360.0,1.0,Rural,1,6000
LP002500,Male,Yes,3,Not Graduate,No,2947,1664,70.0,180.0,0.0,Urban,0,4611
LP002501,Male,Yes,0,Graduate,No,16692,0,110.0,360.0,1.0,Semiurban,1,16692
LP002502,Female,Yes,2,Not Graduate,No,210,2917,98.0,360.0,1.0,Semiurban,1,3127
LP002505,Male,Yes,0,Graduate,No,4333,2451,110.0,360.0,1.0,Urban,0,6784
LP002515,Male,Yes,1,Graduate,Yes,3450,2079,162.0,360.0,1.0,Semiurban,1,5529
LP002517,Male,Yes,1,Not Graduate,No,2653,1500,113.0,180.0,0.0,Rural,0,4153
LP002519,Male,Yes,3,Graduate,No,4691,0,100.0,360.0,1.0,Semiurban,1,4691
LP002522,Female,No,0,Graduate,Yes,2500,0,93.0,360.0,1.0,Urban,1,2500
LP002524,Male,No,2,Graduate,No,5532,4648,162.0,360.0,1.0,Rural,1,10180
LP002527,Male,Yes,2,Graduate,Yes,16525,1014,150.0,360.0,1.0,Rural,1,17539
LP002529,Male,Yes,2,Graduate,No,6700,1750,230.0,300.0,1.0,Semiurban,1,8450
LP002530,Male,Yes,2,Graduate,No,2873,1872,132.0,360.0,0.0,Semiurban,0,4745
LP002531,Male,Yes,1,Graduate,Yes,16667,2250,86.0,360.0,1.0,Semiurban,1,18917
LP002533,Male,Yes,2,Graduate,No,2947,1603,128.0,360.0,1.0,Urban,0,4550
LP002534,Female,No,0,Not Graduate,No,4350,0,154.0,360.0,1.0,Rural,1,4350
LP002536,Male,Yes,3,Not Graduate,No,3095,0,113.0,360.0,1.0,Rural,1,3095
LP002537,Male,Yes,0,Graduate,No,2083,3150,128.0,360.0,1.0,Semiurban,1,5233
LP002541,Male,Yes,0,Graduate,No,10833,0,234.0,360.0,1.0,Semiurban,1,10833
LP002543,Male,Yes,2,Graduate,No,8333,0,246.0,360.0,1.0,Semiurban,1,8333
LP002544,Male,Yes,1,Not Graduate,No,1958,2436,131.0,360.0,1.0,Rural,1,4394
LP002545,Male,No,2,Graduate,No,3547,0,80.0,360.0,0.0,Rural,0,3547
LP002547,Male,Yes,1,Graduate,No,18333,0,500.0,360.0,1.0,Urban,0,18333
LP002555,Male,Yes,2,Graduate,Yes,4583,2083,160.0,360.0,1.0,Semiurban,1,6666
LP002556,Male,No,0,Graduate,No,2435,0,75.0,360.0,1.0,Urban,0,2435
LP002560,Male,No,0,Not Graduate,No,2699,2785,96.0,360.0,1.0,Semiurban,1,5484
LP002562,Male,Yes,1,Not Graduate,No,5333,1131,186.0,360.0,1.0,Urban,1,6464
LP002571,Male,No,0,Not Graduate,No,3691,0,110.0,360.0,1.0,Rural,1,3691
LP002582,Female,No,0,Not Graduate,Yes,17263,0,225.0,360.0,1.0,Semiurban,1,17263
LP002585,Male,Yes,0,Graduate,No,3597,2157,119.0,360.0,0.0,Rural,0,5754
LP002586,Female,Yes,1,Graduate,No,3326,913,105.0,84.0,1.0,Semiurban,1,4239
LP002587,Male,Yes,0,Not Graduate,No,2600,1700,107.0,360.0,1.0,Rural,1,4300
LP002588,Male,Yes,0,Graduate,No,4625,2857,111.0,12.0,1.0,Urban,1,7482
LP002600,Male,Yes,1,Graduate,Yes,2895,0,95.0,360.0,1.0,Semiurban,1,2895
LP002602,Male,No,0,Graduate,No,6283,4416,209.0,360.0,0.0,Rural,0,10699
LP002603,Female,No,0,Graduate,No,645,3683,113.0,480.0,1.0,Rural,1,4328
LP002606,Female,No,0,Graduate,No,3159,0,100.0,360.0,1.0,Semiurban,1,3159
LP002615,Male,Yes,2,Graduate,No,4865,5624,208.0,360.0,1.0,Semiurban,1,10489
LP002618,Male,Yes,1,Not Graduate,No,4050,5302,138.0,360.0,1.0,Rural,0,9352
LP002619,Male,Yes,0,Not Graduate,No,3814,1483,124.0,300.0,1.0,Semiurban,1,5297
LP002622,Male,Yes,2,Graduate,No,3510,4416,243.0,360.0,1.0,Rural,1,7926
LP002624,Male,Yes,0,Graduate,No,20833,6667,480.0,360.0,1.0,Urban,1,27500
LP002625,Male,No,0,Graduate,No,3583,0,96.0,360.0,1.0,Urban,0,3583
LP002626,Male,Yes,0,Graduate,Yes,2479,3013,188.0,360.0,1.0,Urban,1,5492
LP002634,Female,No,1,Graduate,No,13262,0,40.0,360.0,1.0,Urban,1,13262
LP002637,Male,No,0,Not Graduate,No,3598,1287,100.0,360.0,1.0,Rural,0,4885
LP002640,Male,Yes,1,Graduate,No,6065,2004,250.0,360.0,1.0,Semiurban,1,8069
LP002643,Male,Yes,2,Graduate,No,3283,2035,148.0,360.0,1.0,Urban,1,5318
LP002648,Male,Yes,0,Graduate,No,2130,6666,70.0,180.0,1.0,Semiurban,0,8796
LP002652,Male,No,0,Graduate,No,5815,3666,311.0,360.0,1.0,Rural,0,9481
LP002659,Male,Yes,3,Graduate,No,3466,3428,150.0,360.0,1.0,Rural,1,6894
LP002670,Female,Yes,2,Graduate,No,2031,1632,113.0,480.0,1.0,Semiurban,1,3663
LP002682,Male,Yes,0,Not Graduate,No,3074,1800,123.0,360.0,0.0,Semiurban,0,4874
LP002683,Male,No,0,Graduate,No,4683,1915,185.0,360.0,1.0,Semiurban,0,6598
LP002684,Female,No,0,Not Graduate,No,3400,0,95.0,360.0,1.0,Rural,0,3400
LP002689,Male,Yes,2,Not Graduate,No,2192,1742,45.0,360.0,1.0,Semiurban,1,3934
LP002690,Male,No,0,Graduate,No,2500,0,55.0,360.0,1.0,Semiurban,1,2500
LP002692,Male,Yes,3,Graduate,Yes,5677,1424,100.0,360.0,1.0,Rural,1,7101
LP002693,Male,Yes,2,Graduate,Yes,7948,7166,480.0,360.0,1.0,Rural,1,15114
LP002697,Male,No,0,Graduate,No,4680,2087,128.0,360.0,1.0,Semiurban,0,6767
LP002699,Male,Yes,2,Graduate,Yes,17500,0,400.0,360.0,1.0,Rural,1,17500
LP002705,Male,Yes,0,Graduate,No,3775,0,110.0,360.0,1.0,Semiurban,1,3775
LP002706,Male,Yes,1,Not Graduate,No,5285,1430,161.0,360.0,0.0,Semiurban,1,6715
LP002714,Male,No,1,Not Graduate,No,2679,1302,94.0,360.0,1.0,Semiurban,1,3981
LP002716,Male,No,0,Not Graduate,No,6783,0,130.0,360.0,1.0,Semiurban,1,6783
LP002717,Male,Yes,0,Graduate,No,1025,5500,216.0,360.0,1.0,Rural,1,6525
LP002720,Male,Yes,3,Graduate,No,4281,0,100.0,360.0,1.0,Urban,1,4281
LP002723,Male,No,2,Graduate,No,3588,0,110.0,360.0,0.0,Rural,0,3588
LP002729,Male,No,1,Graduate,No,11250,0,196.0,360.0,1.0,Semiurban,0,11250
LP002731,Female,No,0,Not Graduate,Yes,18165,0,125.0,360.0,1.0,Urban,1,18165
LP002732,Male,No,0,Not Graduate,No,2550,2042,126.0,360.0,1.0,Rural,1,4592
LP002734,Male,Yes,0,Graduate,No,6133,3906,324.0,360.0,1.0,Urban,1,10039
LP002738,Male,No,2,Graduate,No,3617,0,107.0,360.0,1.0,Semiurban,1,3617
LP002739,Male,Yes,0,Not Graduate,No,2917,536,66.0,360.0,1.0,Rural,0,3453
LP002740,Male,Yes,3,Graduate,No,6417,0,157.0,180.0,1.0,Rural,1,6417
LP002741,Female,Yes,1,Graduate,No,4608,2845,140.0,180.0,1.0,Semiurban,1,7453
LP002743,Female,No,0,Graduate,No,2138,0,99.0,360.0,0.0,Semiurban,0,2138
LP002753,Female,No,1,Graduate,No,3652,0,95.0,360.0,1.0,Semiurban,1,3652
LP002755,Male,Yes,1,Not Graduate,No,2239,2524,128.0,360.0,1.0,Urban,1,4763
LP002757,Female,Yes,0,Not Graduate,No,3017,663,102.0,360.0,1.0,Semiurban,1,3680
LP002767,Male,Yes,0,Graduate,No,2768,1950,155.0,360.0,1.0,Rural,1,4718
LP002768,Male,No,0,Not Graduate,No,3358,0,80.0,36.0,1.0,Semiurban,0,3358
LP002772,Male,No,0,Graduate,No,2526,1783,145.0,360.0,1.0,Rural,1,4309
LP002776,Female,No,0,Graduate,No,5000,0,103.0,360.0,0.0,Semiurban,0,5000
LP002777,Male,Yes,0,Graduate,No,2785,2016,110.0,360.0,1.0,Rural,1,4801
LP002778,Male,Yes,2,Graduate,Yes,6633,0,128.0,360.0,0.0,Rural,0,6633
LP002784,Male,Yes,1,Not Graduate,No,2492,2375,128.0,360.0,1.0,Rural,1,4867
LP002785,Male,Yes,1,Graduate,No,3333,3250,158.0,360.0,1.0,Urban,1,6583
LP002788,Male,Yes,0,Not Graduate,No,2454,2333,181.0,360.0,0.0,Urban,0,4787
LP002789,Male,Yes,0,Graduate,No,3593,4266,132.0,180.0,0.0,Rural,0,7859
LP002792,Male,Yes,1,Graduate,No,5468,1032,26.0,360.0,1.0,Semiurban,1,6500
LP002794,Female,No,0,Graduate,No,2667,1625,84.0,360.0,1.0,Urban,1,4292
LP002795,Male,Yes,3,Graduate,Yes,10139,0,260.0,360.0,1.0,Semiurban,1,10139
LP002798,Male,Yes,0,Graduate,No,3887,2669,162.0,360.0,1.0,Semiurban,1,6556
LP001002,Male,No,0,Graduate,No,5849,0,128.0,360.0,1.0,Urban,1,5849
LP001003,Male,Yes,1,Graduate,No,4583,1508,128.0,360.0,1.0,Rural,0,6091
LP001005,Male,Yes,0,Graduate,Yes,3000,0,66.0,360.0,1.0,Urban,1,3000
LP001006,Male,Yes,0,Not Graduate,No,2583,2358,120.0,360.0,1.0,Urban,1,4941
LP001008,Male,No,0,Graduate,No,6000,0,141.0,360.0,1.0,Urban,1,6000
LP001011,Male,Yes,2,Graduate,Yes,5417,4196,267.0,360.0,1.0,Urban,1,9613
LP001013,Male,Yes,0,Not Graduate,No,2333,1516,95.0,360.0,1.0,Urban,1,3849
LP001014,Male,Yes,3,Graduate,No,3036,2504,158.0,360.0,0.0,Semiurban,0,5540
LP001018,Male,Yes,2,Graduate,No,4006,1526,168.0,360.0,1.0,Urban,1,5532
LP001020,Male,Yes,1,Graduate,No,12841,10968,349.0,360.0,1.0,Semiurban,0,23809
LP001024,Male,Yes,2,Graduate,No,3200,700,70.0,360.0,1.0,Urban,1,3900
LP001027,Male,Yes,2,Graduate,No,2500,1840,109.0,360.0,1.0,Urban,1,4340
LP001028,Male,Yes,2,Graduate,No,3073,8106,200.0,360.0,1.0,Urban,1,11179
LP001029,Male,No,0,Graduate,No,1853,2840,114.0,360.0,1.0,Rural,0,4693
LP001030,Male,Yes,2,Graduate,No,1299,1086,17.0,120.0,1.0,Urban,1,2385
LP001032,Male,No,0,Graduate,No,4950,0,125.0,360.0,1.0,Urban,1,4950
LP001034,Male,No,1,Not Graduate,No,3596,0,100.0,240.0,1.0,Urban,1,3596
LP001036,Female,No,0,Graduate,No,3510,0,76.0,360.0,0.0,Urban,0,3510
LP001038,Male,Yes,0,Not Graduate,No,4887,0,133.0,360.0,1.0,Rural,0,4887
LP001041,Male,Yes,0,Graduate,No,2600,3500,115.0,360.0,1.0,Urban,1,6100
LP001043,Male,Yes,0,Not Graduate,No,7660,0,104.0,360.0,0.0,Urban,0,7660
LP001046,Male,Yes,1,Graduate,No,5955,5625,315.0,360.0,1.0,Urban,1,11580
LP001047,Male,Yes,0,Not Graduate,No,2600,1911,116.0,360.0,0.0,Semiurban,0,4511
LP001050,Male,Yes,2,Not Graduate,No,3365,1917,112.0,360.0,0.0,Rural,0,5282
LP001052,Male,Yes,1,Graduate,No,3717,2925,151.0,360.0,1.0,Semiurban,0,6642
LP001066,Male,Yes,0,Graduate,Yes,9560,0,191.0,360.0,1.0,Semiurban,1,9560
LP001068,Male,Yes,0,Graduate,No,2799,2253,122.0,360.0,1.0,Semiurban,1,5052
LP001073,Male,Yes,2,Not Graduate,No,4226,1040,110.0,360.0,1.0,Urban,1,5266
LP001086,Male,No,0,Not Graduate,No,1442,0,35.0,360.0,1.0,Urban,0,1442
LP001087,Female,No,2,Graduate,No,3750,2083,120.0,360.0,1.0,Semiurban,1,5833
LP001091,Male,Yes,1,Graduate,No,4166,3369,201.0,360.0,1.0,Urban,0,7535
LP001095,Male,No,0,Graduate,No,3167,0,74.0,360.0,1.0,Urban,0,3167
LP001097,Male,No,1,Graduate,Yes,4692,0,106.0,360.0,1.0,Rural,0,4692
LP001098,Male,Yes,0,Graduate,No,3500,1667,114.0,360.0,1.0,Semiurban,1,5167
LP001100,Male,No,3,Graduate,No,12500,3000,320.0,360.0,1.0,Rural,0,15500
LP001106,Male,Yes,0,Graduate,No,2275,2067,128.0,360.0,1.0,Urban,1,4342
LP001109,Male,Yes,0,Graduate,No,1828,1330,100.0,360.0,0.0,Urban,0,3158
LP001112,Female,Yes,0,Graduate,No,3667,1459,144.0,360.0,1.0,Semiurban,1,5126
LP001114,Male,No,0,Graduate,No,4166,7210,184.0,360.0,1.0,Urban,1,11376
LP001116,Male,No,0,Not Graduate,No,3748,1668,110.0,360.0,1.0,Semiurban,1,5416
LP001119,Male,No,0,Graduate,No,3600,0,80.0,360.0,1.0,Urban,0,3600
LP001120,Male,No,0,Graduate,No,1800,1213,47.0,360.0,1.0,Urban,1,3013
LP001123,Male,Yes,0,Graduate,No,2400,0,75.0,360.0,1.0,Urban,1,2400
LP001131,Male,Yes,0,Graduate,No,3941,2336,134.0,360.0,1.0,Semiurban,1,6277
LP001136,Male,Yes,0,Not Graduate,Yes,4695,0,96.0,360.0,1.0,Urban,1,4695
LP001137,Female,No,0,Graduate,No,3410,0,88.0,360.0,1.0,Urban,1,3410
LP001138,Male,Yes,1,Graduate,No,5649,0,44.0,360.0,1.0,Urban,1,5649
LP001144,Male,Yes,0,Graduate,No,5821,0,144.0,360.0,1.0,Urban,1,5821
LP001146,Female,Yes,0,Graduate,No,2645,3440,120.0,360.0,0.0,Urban,0,6085
LP001151,Female,No,0,Graduate,No,4000,2275,144.0,360.0,1.0,Semiurban,1,6275
LP001155,Female,Yes,0,Not Graduate,No,1928,1644,100.0,360.0,1.0,Semiurban,1,3572
LP001157,Female,No,0,Graduate,No,3086,0,120.0,360.0,1.0,Semiurban,1,3086
LP001164,Female,No,0,Graduate,No,4230,0,112.0,360.0,1.0,Semiurban,0,4230
LP001179,Male,Yes,2,Graduate,No,4616,0,134.0,360.0,1.0,Urban,0,4616
LP001186,Female,Yes,1,Graduate,Yes,11500,0,286.0,360.0,0.0,Urban,0,11500
LP001194,Male,Yes,2,Graduate,No,2708,1167,97.0,360.0,1.0,Semiurban,1,3875
LP001195,Male,Yes,0,Graduate,No,2132,1591,96.0,360.0,1.0,Semiurban,1,3723
LP001197,Male,Yes,0,Graduate,No,3366,2200,135.0,360.0,1.0,Rural,0,5566
LP001198,Male,Yes,1,Graduate,No,8080,2250,180.0,360.0,1.0,Urban,1,10330
LP001199,Male,Yes,2,Not Graduate,No,3357,2859,144.0,360.0,1.0,Urban,1,6216
LP001205,Male,Yes,0,Graduate,No,2500,3796,120.0,360.0,1.0,Urban,1,6296
LP001206,Male,Yes,3,Graduate,No,3029,0,99.0,360.0,1.0,Urban,1,3029
LP001207,Male,Yes,0,Not Graduate,Yes,2609,3449,165.0,180.0,0.0,Rural,0,6058
LP001213,Male,Yes,1,Graduate,No,4945,0,128.0,360.0,0.0,Rural,0,4945
LP001222,Female,No,0,Graduate,No,4166,0,116.0,360.0,0.0,Semiurban,0,4166
LP001225,Male,Yes,0,Graduate,No,5726,4595,258.0,360.0,1.0,Semiurban,0,10321
LP001228,Male,No,0,Not Graduate,No,3200,2254,126.0,180.0,0.0,Urban,0,5454
LP001233,Male,Yes,1,Graduate,No,10750,0,312.0,360.0,1.0,Urban,1,10750
LP001238,Male,Yes,3,Not Graduate,Yes,7100,0,125.0,60.0,1.0,Urban,1,7100
LP001241,Female,No,0,Graduate,No,4300,0,136.0,360.0,0.0,Semiurban,0,4300
LP001243,Male,Yes,0,Graduate,No,3208,3066,172.0,360.0,1.0,Urban,1,6274
LP001245,Male,Yes,2,Not Graduate,Yes,1875,1875,97.0,360.0,1.0,Semiurban,1,3750
LP001248,Male,No,0,Graduate,No,3500,0,81.0,300.0,1.0,Semiurban,1,3500
LP001250,Male,Yes,3,Not Graduate,No,4755,0,95.0,360.0,0.0,Semiurban,0,4755
LP001253,Male,Yes,3,Graduate,Yes,5266,1774,187.0,360.0,1.0,Semiurban,1,7040
LP001255,Male,No,0,Graduate,No,3750,0,113.0,480.0,1.0,Urban,0,3750
LP001256,Male,No,0,Graduate,No,3750,4750,176.0,360.0,1.0,Urban,0,8500
LP001259,Male,Yes,1,Graduate,Yes,1000,3022,110.0,360.0,1.0,Urban,0,4022
LP001263,Male,Yes,3,Graduate,No,3167,4000,180.0,300.0,0.0,Semiurban,0,7167
LP001264,Male,Yes,3,Not Graduate,Yes,3333,2166,130.0,360.0,1.0,Semiurban,1,5499
LP001265,Female,No,0,Graduate,No,3846,0,111.0,360.0,1.0,Semiurban,1,3846
LP001266,Male,Yes,1,Graduate,Yes,2395,0,128.0,360.0,1.0,Semiurban,1,2395
LP001267,Female,Yes,2,Graduate,No,1378,1881,167.0,360.0,1.0,Urban,0,3259
LP001273,Male,Yes,0,Graduate,No,6000,2250,265.0,360.0,1.0,Semiurban,0,8250
LP001275,Male,Yes,1,Graduate,No,3988,0,50.0,240.0,1.0,Urban,1,3988
LP001279,Male,No,0,Graduate,No,2366,2531,136.0,360.0,1.0,Semiurban,1,4897
LP001280,Male,Yes,2,Not Graduate,No,3333,2000,99.0,360.0,1.0,Semiurban,1,5333
LP001282,Male,Yes,0,Graduate,No,2500,2118,104.0,360.0,1.0,Semiurban,1,4618
LP001289,Male,No,0,Graduate,No,8566,0,210.0,360.0,1.0,Urban,1,8566
LP001310,Male,Yes,0,Graduate,No,5695,4167,175.0,360.0,1.0,Semiurban,1,9862
LP001316,Male,Yes,0,Graduate,No,2958,2900,131.0,360.0,1.0,Semiurban,1,5858
LP001318,Male,Yes,2,Graduate,No,6250,5654,188.0,180.0,1.0,Semiurban,1,11904
LP001319,Male,Yes,2,Not Graduate,No,3273,1820,81.0,360.0,1.0,Urban,1,5093
LP001322,Male,No,0,Graduate,No,4133,0,122.0,360.0,1.0,Semiurban,1,4133
LP001325,Male,No,0,Not Graduate,No,3620,0,25.0,120.0,1.0,Semiurban,1,3620
LP001326,Male,No,0,Graduate,No,6782,0,128.0,360.0,1.0,Urban,0,6782
LP001327,Female,Yes,0,Graduate,No,2484,2302,137.0,360.0,1.0,Semiurban,1,4786
LP001333,Male,Yes,0,Graduate,No,1977,997,50.0,360.0,1.0,Semiurban,1,2974
LP001334,Male,Yes,0,Not Graduate,No,4188,0,115.0,180.0,1.0,Semiurban,1,4188
LP001343,Male,Yes,0,Graduate,No,1759,3541,131.0,360.0,1.0,Semiurban,1,5300
LP001345,Male,Yes,2,Not Graduate,No,4288,3263,133.0,180.0,1.0,Urban,1,7551
LP001349,Male,No,0,Graduate,No,4843,3806,151.0,360.0,1.0,Semiurban,1,8649
LP001350,Male,Yes,0,Graduate,No,13650,0,128.0,360.0,1.0,Urban,1,13650
LP001356,Male,Yes,0,Graduate,No,4652,3583,128.0,360.0,1.0,Semiurban,1,8235
LP001357,Male,Yes,0,Graduate,No,3816,754,160.0,360.0,1.0,Urban,1,4570
LP001367,Male,Yes,1,Graduate,No,3052,1030,100.0,360.0,1.0,Urban,1,4082
LP001369,Male,Yes,2,Graduate,No,11417,1126,225.0,360.0,1.0,Urban,1,12543
LP001370,Male,No,0,Not Graduate,No,7333,0,120.0,360.0,1.0,Rural,0,7333
LP001379,Male,Yes,2,Graduate,No,3800,3600,216.0,360.0,0.0,Urban,0,7400
LP001384,Male,Yes,3,Not Graduate,No,2071,754,94.0,480.0,1.0,Semiurban,1,2825
LP001385,Male,No,0,Graduate,No,5316,0,136.0,360.0,1.0,Urban,1,5316
LP001387,Female,Yes,0,Graduate,No,2929,2333,139.0,360.0,1.0,Semiurban,1,5262
LP001391,Male,Yes,0,Not Graduate,No,3572,4114,152.0,360.0,0.0,Rural,0,7686
LP001392,Female,No,1,Graduate,Yes,7451,0,128.0,360.0,1.0,Semiurban,1,7451
LP001398,Male,No,0,Graduate,No,5050,0,118.0,360.0,1.0,Semiurban,1,5050
LP001401,Male,Yes,1,Graduate,No,14583,0,185.0,180.0,1.0,Rural,1,14583
LP001404,Female,Yes,0,Graduate,No,3167,2283,154.0,360.0,1.0,Semiurban,1,5450
LP001405,Male,Yes,1,Graduate,No,2214,1398,85.0,360.0,1.0,Urban,1,3612
LP001421,Male,Yes,0,Graduate,No,5568,2142,175.0,360.0,1.0,Rural,0,7710
LP001422,Female,No,0,Graduate,No,10408,0,259.0,360.0,1.0,Urban,1,10408
LP001426,Male,Yes,0,Graduate,No,5667,2667,180.0,360.0,1.0,Rural,1,8334
LP001430,Female,No,0,Graduate,No,4166,0,44.0,360.0,1.0,Semiurban,1,4166
LP001431,Female,No,0,Graduate,No,2137,8980,137.0,360.0,0.0,Semiurban,1,11117
LP001432,Male,Yes,2,Graduate,No,2957,0,81.0,360.0,1.0,Semiurban,1,2957
LP001439,Male,Yes,0,Not Graduate,No,4300,2014,194.0,360.0,1.0,Rural,1,6314
LP001443,Female,No,0,Graduate,No,3692,0,93.0,360.0,1.0,Rural,1,3692
LP001448,Male,Yes,3,Graduate,No,23803,0,370.0,360.0,1.0,Rural,1,23803
LP001449,Male,No,0,Graduate,No,3865,1640,128.0,360.0,1.0,Rural,1,5505
LP001451,Male,Yes,1,Graduate,Yes,10513,3850,160.0,180.0,0.0,Urban,0,14363
LP001465,Male,Yes,0,Graduate,No,6080,2569,182.0,360.0,1.0,Rural,0,8649
LP001469,Male,No,0,Graduate,Yes,20166,0,650.0,480.0,1.0,Urban,1,20166
LP001473,Male,No,0,Graduate,No,2014,1929,74.0,360.0,1.0,Urban,1,3943
LP001478,Male,No,0,Graduate,No,2718,0,70.0,360.0,1.0,Semiurban,1,2718
LP001482,Male,Yes,0,Graduate,Yes,3459,0,25.0,120.0,1.0,Semiurban,1,3459
LP001487,Male,No,0,Graduate,No,4895,0,102.0,360.0,1.0,Semiurban,1,4895
LP001488,Male,Yes,3,Graduate,No,4000,7750,290.0,360.0,1.0,Semiurban,0,11750
LP001489,Female,Yes,0,Graduate,No,4583,0,84.0,360.0,1.0,Rural,0,4583
LP001491,Male,Yes,2,Graduate,Yes,3316,3500,88.0,360.0,1.0,Urban,1,6816
LP001492,Male,No,0,Graduate,No,14999,0,242.0,360.0,0.0,Semiurban,0,14999
LP001493,Male,Yes,2,Not Graduate,No,4200,1430,129.0,360.0,1.0,Rural,0,5630
LP001497,Male,Yes,2,Graduate,No,5042,2083,185.0,360.0,1.0,Rural,0,7125
LP001498,Male,No,0,Graduate,No,5417,0,168.0,360.0,1.0,Urban,1,5417
LP001504,Male,No,0,Graduate,Yes,6950,0,175.0,180.0,1.0,Semiurban,1,6950
LP001507,Male,Yes,0,Graduate,No,2698,2034,122.0,360.0,1.0,Semiurban,1,4732
LP001508,Male,Yes,2,Graduate,No,11757,0,187.0,180.0,1.0,Urban,1,11757
LP001514,Female,Yes,0,Graduate,No,2330,4486,100.0,360.0,1.0,Semiurban,1,6816
LP001516,Female,Yes,2,Graduate,No,14866,0,70.0,360.0,1.0,Urban,1,14866
LP001518,Male,Yes,1,Graduate,No,1538,1425,30.0,360.0,1.0,Urban,1,2963
LP001519,Female,No,0,Graduate,No,10000,1666,225.0,360.0,1.0,Rural,0,11666
LP001520,Male,Yes,0,Graduate,No,4860,830,125.0,360.0,1.0,Semiurban,1,5690
LP001528,Male,No,0,Graduate,No,6277,0,118.0,360.0,0.0,Rural,0,6277
LP001529,Male,Yes,0,Graduate,Yes,2577,3750,152.0,360.0,1.0,Rural,1,6327
LP001531,Male,No,0,Graduate,No,9166,0,244.0,360.0,1.0,Urban,0,9166
LP001532,Male,Yes,2,Not Graduate,No,2281,0,113.0,360.0,1.0,Rural,0,2281
LP001535,Male,No,0,Graduate,No,3254,0,50.0,360.0,1.0,Urban,1,3254
LP001536,Male,Yes,3,Graduate,No,39999,0,600.0,180.0,0.0,Semiurban,1,39999
LP001541,Male,Yes,1,Graduate,No,6000,0,160.0,360.0,1.0,Rural,1,6000
LP001543,Male,Yes,1,Graduate,No,9538,0,187.0,360.0,1.0,Urban,1,9538
LP001546,Male,No,0,Graduate,No,2980,2083,120.0,360.0,1.0,Rural,1,5063
LP001552,Male,Yes,0,Graduate,No,4583,5625,255.0,360.0,1.0,Semiurban,1,10208
LP001560,Male,Yes,0,Not Graduate,No,1863,1041,98.0,360.0,1.0,Semiurban,1,2904
LP001562,Male,Yes,0,Graduate,No,7933,0,275.0,360.0,1.0,Urban,0,7933
LP001565,Male,Yes,1,Graduate,No,3089,1280,121.0,360.0,0.0,Semiurban,0,4369
LP001570,Male,Yes,2,Graduate,No,4167,1447,158.0,360.0,1.0,Rural,1,5614
LP001572,Male,Yes,0,Graduate,No,9323,0,75.0,180.0,1.0,Urban,1,9323
LP001574,Male,Yes,0,Graduate,No,3707,3166,182.0,360.0,1.0,Rural,1,6873
LP001577,Female,Yes,0,Graduate,No,4583,0,112.0,360.0,1.0,Rural,0,4583
LP001578,Male,Yes,0,Graduate,No,2439,3333,129.0,360.0,1.0,Rural,1,5772
LP001579,Male,No,0,Graduate,No,2237,0,63.0,480.0,0.0,Semiurban,0,2237
LP001580,Male,Yes,2,Graduate,No,8000,0,200.0,360.0,1.0,Semiurban,1,8000
LP001581,Male,Yes,0,Not Graduate,No,1820,1769,95.0,360.0,1.0,Rural,1,3589
LP001585,Male,Yes,3,Graduate,No,51763,0,700.0,300.0,1.0,Urban,1,51763
LP001586,Male,Yes,3,Not Graduate,No,3522,0,81.0,180.0,1.0,Rural,0,3522
LP001594,Male,Yes,0,Graduate,No,5708,5625,187.0,360.0,1.0,Semiurban,1,11333
LP001603,Male,Yes,0,Not Graduate,Yes,4344,736,87.0,360.0,1.0,Semiurban,0,5080
LP001606,Male,Yes,0,Graduate,No,3497,1964,116.0,360.0,1.0,Rural,1,5461
LP001608,Male,Yes,2,Graduate,No,2045,1619,101.0,360.0,1.0,Rural,1,3664
LP001610,Male,Yes,3,Graduate,No,5516,11300,495.0,360.0,0.0,Semiurban,0,16816
LP001616,Male,Yes,1,Graduate,No,3750,0,116.0,360.0,1.0,Semiurban,1,3750
LP001630,Male,No,0,Not Graduate,No,2333,1451,102.0,480.0,0.0,Urban,0,3784
LP001633,Male,Yes,1,Graduate,No,6400,7250,180.0,360.0,0.0,Urban,0,13650
LP001634,Male,No,0,Graduate,No,1916,5063,67.0,360.0,1.0,Rural,0,6979
LP001636,Male,Yes,0,Graduate,No,4600,0,73.0,180.0,1.0,Semiurban,1,4600
LP001637,Male,Yes,1,Graduate,No,33846,0,260.0,360.0,1.0,Semiurban,0,33846
LP001639,Female,Yes,0,Graduate,No,3625,0,108.0,360.0,1.0,Semiurban,1,3625
LP001640,Male,Yes,0,Graduate,Yes,39147,4750,120.0,360.0,1.0,Semiurban,1,43897
LP001641,Male,Yes,1,Graduate,Yes,2178,0,66.0,300.0,0.0,Rural,0,2178
LP001643,Male,Yes,0,Graduate,No,2383,2138,58.0,360.0,1.0,Rural,1,4521
LP001644,Male,Yes,0,Graduate,Yes,674,5296,168.0,360.0,1.0,Rural,1,5970
LP001647,Male,Yes,0,Graduate,No,9328,0,188.0,180.0,1.0,Rural,1,9328
LP001653,Male,No,0,Not Graduate,No,4885,0,48.0,360.0,1.0,Rural,1,4885
LP001656,Male,No,0,Graduate,No,12000,0,164.0,360.0,1.0,Semiurban,0,12000
LP001657,Male,Yes,0,Not Graduate,No,6033,0,160.0,360.0,1.0,Urban,0,6033
LP001658,Male,No,0,Graduate,No,3858,0,76.0,360.0,1.0,Semiurban,1,3858
LP001664,Male,No,0,Graduate,No,4191,0,120.0,360.0,1.0,Rural,1,4191
LP001665,Male,Yes,1,Graduate,No,3125,2583,170.0,360.0,1.0,Semiurban,0,5708
LP001666,Male,No,0,Graduate,No,8333,3750,187.0,360.0,1.0,Rural,1,12083
LP001669,Female,No,0,Not Graduate,No,1907,2365,120.0,360.0,1.0,Urban,1,4272
LP001671,Female,Yes,0,Graduate,No,3416,2816,113.0,360.0,1.0,Semiurban,1,6232
LP001673,Male,No,0,Graduate,Yes,11000,0,83.0,360.0,1.0,Urban,0,11000
LP001674,Male,Yes,1,Not Graduate,No,2600,2500,90.0,360.0,1.0,Semiurban,1,5100
LP001677,Male,No,2,Graduate,No,4923,0,166.0,360.0,0.0,Semiurban,1,4923
LP001682,Male,Yes,3,Not Graduate,No,3992,0,128.0,180.0,1.0,Urban,0,3992
LP001688,Male,Yes,1,Not Graduate,No,3500,1083,135.0,360.0,1.0,Urban,1,4583
LP001691,Male,Yes,2,Not Graduate,No,3917,0,124.0,360.0,1.0,Semiurban,1,3917
LP001692,Female,No,0,Not Graduate,No,4408,0,120.0,360.0,1.0,Semiurban,1,4408
LP001693,Female,No,0,Graduate,No,3244,0,80.0,360.0,1.0,Urban,1,3244
LP001698,Male,No,0,Not Graduate,No,3975,2531,55.0,360.0,1.0,Rural,1,6506
LP001699,Male,No,0,Graduate,No,2479,0,59.0,360.0,1.0,Urban,1,2479
LP001702,Male,No,0,Graduate,No,3418,0,127.0,360.0,1.0,Semiurban,0,3418
LP001708,Female,No,0,Graduate,No,10000,0,214.0,360.0,1.0,Semiurban,0,10000
LP001711,Male,Yes,3,Graduate,No,3430,1250,128.0,360.0,0.0,Semiurban,0,4680
LP001713,Male,Yes,1,Graduate,Yes,7787,0,240.0,360.0,1.0,Urban,1,7787
LP001715,Male,Yes,3,Not Graduate,Yes,5703,0,130.0,360.0,1.0,Rural,1,5703
LP001716,Male,Yes,0,Graduate,No,3173,3021,137.0,360.0,1.0,Urban,1,6194
LP001720,Male,Yes,3,Not Graduate,No,3850,983,100.0,360.0,1.0,Semiurban,1,4833
LP001722,Male,Yes,0,Graduate,No,150,1800,135.0,360.0,1.0,Rural,0,1950
LP001726,Male,Yes,0,Graduate,No,3727,1775,131.0,360.0,1.0,Semiurban,1,5502
LP001732,Male,Yes,2,Graduate,No,5000,0,72.0,360.0,0.0,Semiurban,0,5000
LP001734,Female,Yes,2,Graduate,No,4283,2383,127.0,360.0,1.0,Semiurban,1,6666
LP001736,Male,Yes,0,Graduate,No,2221,0,60.0,360.0,0.0,Urban,0,2221
LP001743,Male,Yes,2,Graduate,No,4009,1717,116.0,360.0,1.0,Semiurban,1,5726
LP001744,Male,No,0,Graduate,No,2971,2791,144.0,360.0,1.0,Semiurban,1,5762
LP001749,Male,Yes,0,Graduate,No,7578,1010,175.0,360.0,1.0,Semiurban,1,8588
LP001750,Male,Yes,0,Graduate,No,6250,0,128.0,360.0,1.0,Semiurban,1,6250
LP001751,Male,Yes,0,Graduate,No,3250,0,170.0,360.0,1.0,Rural,0,3250
LP001754,Male,Yes,0,Not Graduate,Yes,4735,0,138.0,360.0,1.0,Urban,0,4735
LP001758,Male,Yes,2,Graduate,No,6250,1695,210.0,360.0,1.0,Semiurban,1,7945
LP001760,Male,Yes,0,Graduate,No,4758,0,158.0,480.0,1.0,Semiurban,1,4758
LP001761,Male,No,0,Graduate,Yes,6400,0,200.0,360.0,1.0,Rural,1,6400
LP001765,Male,Yes,1,Graduate,No,2491,2054,104.0,360.0,1.0,Semiurban,1,4545
LP001768,Male,Yes,0,Graduate,No,3716,0,42.0,180.0,1.0,Rural,1,3716
LP001770,Male,No,0,Not Graduate,No,3189,2598,120.0,360.0,1.0,Rural,1,5787
LP001776,Female,No,0,Graduate,No,8333,0,280.0,360.0,1.0,Semiurban,1,8333
LP001778,Male,Yes,1,Graduate,No,3155,1779,140.0,360.0,1.0,Semiurban,1,4934
LP001784,Male,Yes,1,Graduate,No,5500,1260,170.0,360.0,1.0,Rural,1,6760
LP001786,Male,Yes,0,Graduate,No,5746,0,255.0,360.0,1.0,Urban,0,5746
LP001788,Female,No,0,Graduate,Yes,3463,0,122.0,360.0,1.0,Urban,1,3463
LP001790,Female,No,1,Graduate,No,3812,0,112.0,360.0,1.0,Rural,1,3812
LP001792,Male,Yes,1,Graduate,No,3315,0,96.0,360.0,1.0,Semiurban,1,3315
LP001798,Male,Yes,2,Graduate,No,5819,5000,120.0,360.0,1.0,Rural,1,10819
LP001800,Male,Yes,1,Not Graduate,No,2510,1983,140.0,180.0,1.0,Urban,0,4493
LP001806,Male,No,0,Graduate,No,2965,5701,155.0,60.0,1.0,Urban,1,8666
LP001807,Male,Yes,2,Graduate,Yes,6250,1300,108.0,360.0,1.0,Rural,1,7550
LP001811,Male,Yes,0,Not Graduate,No,3406,4417,123.0,360.0,1.0,Semiurban,1,7823
LP001813,Male,No,0,Graduate,Yes,6050,4333,120.0,180.0,1.0,Urban,0,10383
LP001814,Male,Yes,2,Graduate,No,9703,0,112.0,360.0,1.0,Urban,1,9703
LP001819,Male,Yes,1,Not Graduate,No,6608,0,137.0,180.0,1.0,Urban,1,6608
LP001824,Male,Yes,1,Graduate,No,2882,1843,123.0,480.0,1.0,Semiurban,1,4725
LP001825,Male,Yes,0,Graduate,No,1809,1868,90.0,360.0,1.0,Urban,1,3677
LP001835,Male,Yes,0,Not Graduate,No,1668,3890,201.0,360.0,0.0,Semiurban,0,5558
LP001836,Female,No,2,Graduate,No,3427,0,138.0,360.0,1.0,Urban,0,3427
LP001841,Male,No,0,Not Graduate,Yes,2583,2167,104.0,360.0,1.0,Rural,1,4750
LP001843,Male,Yes,1,Not Graduate,No,2661,7101,279.0,180.0,1.0,Semiurban,1,9762
LP001844,Male,No,0,Graduate,Yes,16250,0,192.0,360.0,0.0,Urban,0,16250
LP001846,Female,No,3,Graduate,No,3083,0,255.0,360.0,1.0,Rural,1,3083
LP001849,Male,No,0,Not Graduate,No,6045,0,115.0,360.0,0.0,Rural,0,6045
LP001854,Male,Yes,3,Graduate,No,5250,0,94.0,360.0,1.0,Urban,0,5250
LP001859,Male,Yes,0,Graduate,No,14683,2100,304.0,360.0,1.0,Rural,0,16783
LP001864,Male,Yes,3,Not Graduate,No,4931,0,128.0,360.0,1.0,Semiurban,0,4931
LP001865,Male,Yes,1,Graduate,No,6083,4250,330.0,360.0,1.0,Urban,1,10333
LP001868,Male,No,0,Graduate,No,2060,2209,134.0,360.0,1.0,Semiurban,1,4269
LP001870,Female,No,1,Graduate,No,3481,0,155.0,36.0,1.0,Semiurban,0,3481
LP001871,Female,No,0,Graduate,No,7200,0,120.0,360.0,1.0,Rural,1,7200
LP001872,Male,No,0,Graduate,Yes,5166,0,128.0,360.0,1.0,Semiurban,1,5166
LP001875,Male,No,0,Graduate,No,4095,3447,151.0,360.0,1.0,Rural,1,7542
LP001877,Male,Yes,2,Graduate,No,4708,1387,150.0,360.0,1.0,Semiurban,1,6095
LP001882,Male,Yes,3,Graduate,No,4333,1811,160.0,360.0,0.0,Urban,1,6144
LP001883,Female,No,0,Graduate,No,3418,0,135.0,360.0,1.0,Rural,0,3418
LP001884,Female,No,1,Graduate,No,2876,1560,90.0,360.0,1.0,Urban,1,4436
LP001888,Female,No,0,Graduate,No,3237,0,30.0,360.0,1.0,Urban,1,3237
LP001891,Male,Yes,0,Graduate,No,11146,0,136.0,360.0,1.0,Urban,1,11146
LP001892,Male,No,0,Graduate,No,2833,1857,126.0,360.0,1.0,Rural,1,4690
LP001894,Male,Yes,0,Graduate,No,2620,2223,150.0,360.0,1.0,Semiurban,1,4843
LP001896,Male,Yes,2,Graduate,No,3900,0,90.0,360.0,1.0,Semiurban,1,3900
LP001900,Male,Yes,1,Graduate,No,2750,1842,115.0,360.0,1.0,Semiurban,1,4592
LP001903,Male,Yes,0,Graduate,No,3993,3274,207.0,360.0,1.0,Semiurban,1,7267
LP001904,Male,Yes,0,Graduate,No,3103,1300,80.0,360.0,1.0,Urban,1,4403
LP001907,Male,Yes,0,Graduate,No,14583,0,436.0,360.0,1.0,Semiurban,1,14583
LP001908,Female,Yes,0,Not Graduate,No,4100,0,124.0,360.0,1.0,Rural,1,4100
LP001910,Male,No,1,Not Graduate,Yes,4053,2426,158.0,360.0,0.0,Urban,0,6479
LP001914,Male,Yes,0,Graduate,No,3927,800,112.0,360.0,1.0,Semiurban,1,4727
LP001915,Male,Yes,2,Graduate,No,2301,986,78.0,180.0,1.0,Urban,1,3287
LP001917,Female,No,0,Graduate,No,1811,1666,54.0,360.0,1.0,Urban,1,3477
LP001922,Male,Yes,0,Graduate,No,20667,0,128.0,360.0,1.0,Rural,0,20667
LP001924,Male,No,0,Graduate,No,3158,3053,89.0,360.0,1.0,Rural,1,6211
LP001925,Female,No,0,Graduate,Yes,2600,1717,99.0,300.0,1.0,Semiurban,0,4317
LP001926,Male,Yes,0,Graduate,No,3704,2000,120.0,360.0,1.0,Rural,1,5704
LP001931,Female,No,0,Graduate,No,4124,0,115.0,360.0,1.0,Semiurban,1,4124
LP001935,Male,No,0,Graduate,No,9508,0,187.0,360.0,1.0,Rural,1,9508
LP001936,Male,Yes,0,Graduate,No,3075,2416,139.0,360.0,1.0,Rural,1,5491
LP001938,Male,Yes,2,Graduate,No,4400,0,127.0,360.0,0.0,Semiurban,0,4400
LP001940,Male,Yes,2,Graduate,No,3153,1560,134.0,360.0,1.0,Urban,1,4713
LP001945,Female,No,0,Graduate,No,5417,0,143.0,480.0,0.0,Urban,0,5417
LP001947,Male,Yes,0,Graduate,No,2383,3334,172.0,360.0,1.0,Semiurban,1,5717
LP001949,Male,Yes,3,Graduate,No,4416,1250,110.0,360.0,1.0,Urban,1,5666
LP001953,Male,Yes,1,Graduate,No,6875,0,200.0,360.0,1.0,Semiurban,1,6875
LP001954,Female,Yes,1,Graduate,No,4666,0,135.0,360.0,1.0,Urban,1,4666
LP001955,Female,No,0,Graduate,No,5000,2541,151.0,480.0,1.0,Rural,0,7541
LP001963,Male,Yes,1,Graduate,No,2014,2925,113.0,360.0,1.0,Urban,0,4939
LP001964,Male,Yes,0,Not Graduate,No,1800,2934,93.0,360.0,0.0,Urban,0,4734
LP001972,Male,Yes,0,Not Graduate,No,2875,1750,105.0,360.0,1.0,Semiurban,1,4625
LP001974,Female,No,0,Graduate,No,5000,0,132.0,360.0,1.0,Rural,1,5000
LP001977,Male,Yes,1,Graduate,No,1625,1803,96.0,360.0,1.0,Urban,1,3428
LP001978,Male,No,0,Graduate,No,4000,2500,140.0,360.0,1.0,Rural,1,6500
LP001990,Male,No,0,Not Graduate,No,2000,0,128.0,360.0,1.0,Urban,0,2000
LP001993,Female,No,0,Graduate,No,3762,1666,135.0,360.0,1.0,Rural,1,5428
LP001994,Female,No,0,Graduate,No,2400,1863,104.0,360.0,0.0,Urban,0,4263
LP001996,Male,No,0,Graduate,No,20233,0,480.0,360.0,1.0,Rural,0,20233
LP001998,Male,Yes,2,Not Graduate,No,7667,0,185.0,360.0,1.0,Rural,1,7667
LP002002,Female,No,0,Graduate,No,2917,0,84.0,360.0,1.0,Semiurban,1,2917
LP002004,Male,No,0,Not Graduate,No,2927,2405,111.0,360.0,1.0,Semiurban,1,5332
LP002006,Female,No,0,Graduate,No,2507,0,56.0,360.0,1.0,Rural,1,2507
LP002008,Male,Yes,2,Graduate,Yes,5746,0,144.0,84.0,1.0,Rural,1,5746
LP002024,Male,Yes,0,Graduate,No,2473,1843,159.0,360.0,1.0,Rural,0,4316
LP002031,Male,Yes,1,Not Graduate,No,3399,1640,111.0,180.0,1.0,Urban,1,5039
LP002035,Male,Yes,2,Graduate,No,3717,0,120.0,360.0,1.0,Semiurban,1,3717
LP002036,Male,Yes,0,Graduate,No,2058,2134,88.0,360.0,1.0,Urban,1,4192
LP002043,Female,No,1,Graduate,No,3541,0,112.0,360.0,1.0,Semiurban,1,3541
LP002050,Male,Yes,1,Graduate,Yes,10000,0,155.0,360.0,1.0,Rural,0,10000
LP002051,Male,Yes,0,Graduate,No,2400,2167,115.0,360.0,1.0,Semiurban,1,4567
LP002053,Male,Yes,3,Graduate,No,4342,189,124.0,360.0,1.0,Semiurban,1,4531
LP002054,Male,Yes,2,Not Graduate,No,3601,1590,128.0,360.0,1.0,Rural,1,5191
LP002055,Female,No,0,Graduate,No,3166,2985,132.0,360.0,1.0,Rural,1,6151
LP002065,Male,Yes,3,Graduate,No,15000,0,300.0,360.0,1.0,Rural,1,15000
LP002067,Male,Yes,1,Graduate,Yes,8666,4983,376.0,360.0,0.0,Rural,0,13649
LP002068,Male,No,0,Graduate,No,4917,0,130.0,360.0,0.0,Rural,1,4917
LP002082,Male,Yes,0,Graduate,Yes,5818,2160,184.0,360.0,1.0,Semiurban,1,7978
LP002086,Female,Yes,0,Graduate,No,4333,2451,110.0,360.0,1.0,Urban,0,6784
LP002087,Female,No,0,Graduate,No,2500,0,67.0,360.0,1.0,Urban,1,2500
LP002097,Male,No,1,Graduate,No,4384,1793,117.0,360.0,1.0,Urban,1,6177
LP002098,Male,No,0,Graduate,No,2935,0,98.0,360.0,1.0,Semiurban,1,2935
LP002100,Male,No,0,Graduate,No,2833,0,71.0,360.0,1.0,Urban,1,2833
LP002101,Male,Yes,0,Graduate,No,63337,0,490.0,180.0,1.0,Urban,1,63337
LP002103,Male,Yes,1,Graduate,Yes,9833,1833,182.0,180.0,1.0,Urban,1,11666
LP002106,Male,Yes,0,Graduate,Yes,5503,4490,70.0,360.0,1.0,Semiurban,1,9993
LP002110,Male,Yes,1,Graduate,No,5250,688,160.0,360.0,1.0,Rural,1,5938
LP002112,Male,Yes,2,Graduate,Yes,2500,4600,176.0,360.0,1.0,Rural,1,7100
LP002113,Female,No,3,Not Graduate,No,1830,0,128.0,360.0,0.0,Urban,0,1830
LP002114,Female,No,0,Graduate,No,4160,0,71.0,360.0,1.0,Semiurban,1,4160
LP002115,Male,Yes,3,Not Graduate,No,2647,1587,173.0,360.0,1.0,Rural,0,4234
LP002116,Female,No,0,Graduate,No,2378,0,46.0,360.0,1.0,Rural,0,2378
LP002119,Male,Yes,1,Not Graduate,No,4554,1229,158.0,360.0,1.0,Urban,1,5783
LP002126,Male,Yes,3,Not Graduate,No,3173,0,74.0,360.0,1.0,Semiurban,1,3173
LP002128,Male,Yes,2,Graduate,No,2583,2330,125.0,360.0,1.0,Rural,1,4913
LP002129,Male,Yes,0,Graduate,No,2499,2458,160.0,360.0,1.0,Semiurban,1,4957
LP002130,Male,Yes,0,Not Graduate,No,3523,3230,152.0,360.0,0.0,Rural,0,6753
LP002131,Male,Yes,2,Not Graduate,No,3083,2168,126.0,360.0,1.0,Urban,1,5251
LP002137,Male,Yes,0,Graduate,No,6333,4583,259.0,360.0,1.0,Semiurban,1,10916
LP002138,Male,Yes,0,Graduate,No,2625,6250,187.0,360.0,1.0,Rural,1,8875
LP002139,Male,Yes,0,Graduate,No,9083,0,228.0,360.0,1.0,Semiurban,1,9083
LP002140,Male,No,0,Graduate,No,8750,4167,308.0,360.0,1.0,Rural,0,12917
LP002141,Male,Yes,3,Graduate,No,2666,2083,95.0,360.0,1.0,Rural,1,4749
LP002142,Female,Yes,0,Graduate,Yes,5500,0,105.0,360.0,0.0,Rural,0,5500
LP002143,Female,Yes,0,Graduate,No,2423,505,130.0,360.0,1.0,Semiurban,1,2928
LP002144,Female,No,0,Graduate,No,3813,0,116.0,180.0,1.0,Urban,1,3813
LP002149,Male,Yes,2,Graduate,No,8333,3167,165.0,360.0,1.0,Rural,1,11500
LP002151,Male,Yes,1,Graduate,No,3875,0,67.0,360.0,1.0,Urban,0,3875
LP002158,Male,Yes,0,Not Graduate,No,3000,1666,100.0,480.0,0.0,Urban,0,4666
LP002160,Male,Yes,3,Graduate,No,5167,3167,200.0,360.0,1.0,Semiurban,1,8334
LP002161,Female,No,1,Graduate,No,4723,0,81.0,360.0,1.0,Semiurban,0,4723
LP002170,Male,Yes,2,Graduate,No,5000,3667,236.0,360.0,1.0,Semiurban,1,8667
LP002175,Male,Yes,0,Graduate,No,4750,2333,130.0,360.0,1.0,Urban,1,7083
LP002178,Male,Yes,0,Graduate,No,3013,3033,95.0,300.0,1.0,Urban,1,6046
LP002180,Male,No,0,Graduate,Yes,6822,0,141.0,360.0,1.0,Rural,1,6822
LP002181,Male,No,0,Not Graduate,No,6216,0,133.0,360.0,1.0,Rural,0,6216
LP002187,Male,No,0,Graduate,No,2500,0,96.0,480.0,1.0,Semiurban,0,2500
LP002188,Male,No,0,Graduate,No,5124,0,124.0,360.0,0.0,Rural,0,5124
LP002190,Male,Yes,1,Graduate,No,6325,0,175.0,360.0,1.0,Semiurban,1,6325
LP002191,Male,Yes,0,Graduate,No,19730,5266,570.0,360.0,1.0,Rural,0,24996
LP002194,Female,No,0,Graduate,Yes,15759,0,55.0,360.0,1.0,Semiurban,1,15759
LP002197,Male,Yes,2,Graduate,No,5185,0,155.0,360.0,1.0,Semiurban,1,5185
LP002201,Male,Yes,2,Graduate,Yes,9323,7873,380.0,300.0,1.0,Rural,1,17196
LP002205,Male,No,1,Graduate,No,3062,1987,111.0,180.0,0.0,Urban,0,5049
LP002209,Female,No,0,Graduate,No,2764,1459,110.0,360.0,1.0,Urban,1,4223
LP002211,Male,Yes,0,Graduate,No,4817,923,120.0,180.0,1.0,Urban,1,5740
LP002219,Male,Yes,3,Graduate,No,8750,4996,130.0,360.0,1.0,Rural,1,13746
LP002223,Male,Yes,0,Graduate,No,4310,0,130.0,360.0,1.0,Semiurban,1,4310
LP002224,Male,No,0,Graduate,No,3069,0,71.0,480.0,1.0,Urban,0,3069
LP002225,Male,Yes,2,Graduate,No,5391,0,130.0,360.0,1.0,Urban,1,5391
LP002226,Male,Yes,0,Graduate,No,3333,2500,128.0,360.0,1.0,Semiurban,1,5833
LP002229,Male,No,0,Graduate,No,5941,4232,296.0,360.0,1.0,Semiurban,1,10173
LP002231,Female,No,0,Graduate,No,6000,0,156.0,360.0,1.0,Urban,1,6000
LP002234,Male,No,0,Graduate,Yes,7167,0,128.0,360.0,1.0,Urban,1,7167
LP002236,Male,Yes,2,Graduate,No,4566,0,100.0,360.0,1.0,Urban,0,4566
LP002237,Male,No,1,Graduate,No,3667,0,113.0,180.0,1.0,Urban,1,3667
LP002239,Male,No,0,Not Graduate,No,2346,1600,132.0,360.0,1.0,Semiurban,1,3946
LP002243,Male,Yes,0,Not Graduate,No,3010,3136,128.0,360.0,0.0,Urban,0,6146
LP002244,Male,Yes,0,Graduate,No,2333,2417,136.0,360.0,1.0,Urban,1,4750
LP002250,Male,Yes,0,Graduate,No,5488,0,125.0,360.0,1.0,Rural,1,5488
LP002255,Male,No,3,Graduate,No,9167,0,185.0,360.0,1.0,Rural,1,9167
LP002262,Male,Yes,3,Graduate,No,9504,0,275.0,360.0,1.0,Rural,1,9504
LP002263,Male,Yes,0,Graduate,No,2583,2115,120.0,360.0,1.0,Urban,1,4698
LP002265,Male,Yes,2,Not Graduate,No,1993,1625,113.0,180.0,1.0,Semiurban,1,3618
LP002266,Male,Yes,2,Graduate,No,3100,1400,113.0,360.0,1.0,Urban,1,4500
LP002272,Male,Yes,2,Graduate,No,3276,484,135.0,360.0,1.0,Semiurban,1,3760
LP002277,Female,No,0,Graduate,No,3180,0,71.0,360.0,0.0,Urban,0,3180
LP002281,Male,Yes,0,Graduate,No,3033,1459,95.0,360.0,1.0,Urban,1,4492
LP002284,Male,No,0,Not Graduate,No,3902,1666,109.0,360.0,1.0,Rural,1,5568
LP002287,Female,No,0,Graduate,No,1500,1800,103.0,360.0,0.0,Semiurban,0,3300
LP002288,Male,Yes,2,Not Graduate,No,2889,0,45.0,180.0,0.0,Urban,0,2889
LP002296,Male,No,0,Not Graduate,No,2755,0,65.0,300.0,1.0,Rural,0,2755
LP002297,Male,No,0,Graduate,No,2500,20000,103.0,360.0,1.0,Semiurban,1,22500
LP002300,Female,No,0,Not Graduate,No,1963,0,53.0,360.0,1.0,Semiurban,1,1963
LP002301,Female,No,0,Graduate,Yes,7441,0,194.0,360.0,1.0,Rural,0,7441
LP002305,Female,No,0,Graduate,No,4547,0,115.0,360.0,1.0,Semiurban,1,4547
LP002308,Male,Yes,0,Not Graduate,No,2167,2400,115.0,360.0,1.0,Urban,1,4567
LP002314,Female,No,0,Not Graduate,No,2213,0,66.0,360.0,1.0,Rural,1,2213
LP002315,Male,Yes,1,Graduate,No,8300,0,152.0,300.0,0.0,Semiurban,0,8300
LP002317,Male,Yes,3,Graduate,No,81000,0,360.0,360.0,0.0,Rural,0,81000
LP002318,Female,No,1,Not Graduate,Yes,3867,0,62.0,360.0,1.0,Semiurban,0,3867
LP002319,Male,Yes,0,Graduate,No,6256,0,160.0,360.0,1.0,Urban,1,6256
LP002328,Male,Yes,0,Not Graduate,No,6096,0,218.0,360.0,0.0,Rural,0,6096
LP002332,Male,Yes,0,Not Graduate,No,2253,2033,110.0,360.0,1.0,Rural,1,4286
LP002335,Female,Yes,0,Not Graduate,No,2149,3237,178.0,360.0,0.0,Semiurban,0,5386
LP002337,Female,No,0,Graduate,No,2995,0,60.0,360.0,1.0,Urban,1,2995
LP002341,Female,No,1,Graduate,No,2600,0,160.0,360.0,1.0,Urban,0,2600
LP002342,Male,Yes,2,Graduate,Yes,1600,20000,239.0,360.0,1.0,Urban,0,21600
LP002345,Male,Yes,0,Graduate,No,1025,2773,112.0,360.0,1.0,Rural,1,3798
LP002347,Male,Yes,0,Graduate,No,3246,1417,138.0,360.0,1.0,Semiurban,1,4663
LP002348,Male,Yes,0,Graduate,No,5829,0,138.0,360.0,1.0,Rural,1,5829
LP002357,Female,No,0,Not Graduate,No,2720,0,80.0,360.0,0.0,Urban,0,2720
LP002361,Male,Yes,0,Graduate,No,1820,1719,100.0,360.0,1.0,Urban,1,3539
LP002362,Male,Yes,1,Graduate,No,7250,1667,110.0,360.0,0.0,Urban,0,8917
LP002364,Male,Yes,0,Graduate,No,14880,0,96.0,360.0,1.0,Semiurban,1,14880
LP002366,Male,Yes,0,Graduate,No,2666,4300,121.0,360.0,1.0,Rural,1,6966
LP002367,Female,No,1,Not Graduate,No,4606,0,81.0,360.0,1.0,Rural,0,4606
LP002368,Male,Yes,2,Graduate,No,5935,0,133.0,360.0,1.0,Semiurban,1,5935
LP002369,Male,Yes,0,Graduate,No,2920,16,87.0,360.0,1.0,Rural,1,2936
LP002370,Male,No,0,Not Graduate,No,2717,0,60.0,180.0,1.0,Urban,1,2717
LP002377,Female,No,1,Graduate,Yes,8624,0,150.0,360.0,1.0,Semiurban,1,8624
LP002379,Male,No,0,Graduate,No,6500,0,105.0,360.0,0.0,Rural,0,6500
LP002386,Male,No,0,Graduate,No,12876,0,405.0,360.0,1.0,Semiurban,1,12876
LP002387,Male,Yes,0,Graduate,No,2425,2340,143.0,360.0,1.0,Semiurban,1,4765
LP002390,Male,No,0,Graduate,No,3750,0,100.0,360.0,1.0,Urban,1,3750
LP002393,Female,Yes,0,Graduate,No,10047,0,128.0,240.0,1.0,Semiurban,1,10047
LP002398,Male,No,0,Graduate,No,1926,1851,50.0,360.0,1.0,Semiurban,1,3777
LP002401,Male,Yes,0,Graduate,No,2213,1125,128.0,360.0,1.0,Urban,1,3338
LP002403,Male,No,0,Graduate,Yes,10416,0,187.0,360.0,0.0,Urban,0,10416
LP002407,Female,Yes,0,Not Graduate,Yes,7142,0,138.0,360.0,1.0,Rural,1,7142
LP002408,Male,No,0,Graduate,No,3660,5064,187.0,360.0,1.0,Semiurban,1,8724
LP002409,Male,Yes,0,Graduate,No,7901,1833,180.0,360.0,1.0,Rural,1,9734
LP002418,Male,No,3,Not Graduate,No,4707,1993,148.0,360.0,1.0,Semiurban,1,6700
LP002422,Male,No,1,Graduate,No,37719,0,152.0,360.0,1.0,Semiurban,1,37719
LP002424,Male,Yes,0,Graduate,No,7333,8333,175.0,300.0,1.0,Rural,1,15666
LP002429,Male,Yes,1,Graduate,Yes,3466,1210,130.0,360.0,1.0,Rural,1,4676
LP002434,Male,Yes,2,Not Graduate,No,4652,0,110.0,360.0,1.0,Rural,1,4652
LP002435,Male,Yes,0,Graduate,No,3539,1376,55.0,360.0,1.0,Rural,0,4915
LP002804,Female,Yes,0,Graduate,No,4180,2306,182.0,360.0,1.0,Semiurban,1,6486
LP002807,Male,Yes,2,Not Graduate,No,3675,242,108.0,360.0,1.0,Semiurban,1,3917
LP002813,Female,Yes,1,Graduate,Yes,19484,0,600.0,360.0,1.0,Semiurban,1,19484
LP002820,Male,Yes,0,Graduate,No,5923,2054,211.0,360.0,1.0,Rural,1,7977
LP002821,Male,No,0,Not Graduate,Yes,5800,0,132.0,360.0,1.0,Semiurban,1,5800
LP002832,Male,Yes,2,Graduate,No,8799,0,258.0,360.0,0.0,Urban,0,8799
LP002833,Male,Yes,0,Not Graduate,No,4467,0,120.0,360.0,1.0,Rural,1,4467
LP002836,Male,No,0,Graduate,No,3333,0,70.0,360.0,1.0,Urban,1,3333
LP002837,Male,Yes,3,Graduate,No,3400,2500,123.0,360.0,0.0,Rural,0,5900
LP002840,Female,No,0,Graduate,No,2378,0,9.0,360.0,1.0,Urban,0,2378
LP002841,Male,Yes,0,Graduate,No,3166,2064,104.0,360.0,0.0,Urban,0,5230
LP002842,Male,Yes,1,Graduate,No,3417,1750,186.0,360.0,1.0,Urban,1,5167
LP002847,Male,Yes,0,Graduate,No,5116,1451,165.0,360.0,0.0,Urban,0,6567
LP002855,Male,Yes,2,Graduate,No,16666,0,275.0,360.0,1.0,Urban,1,16666
LP002862,Male,Yes,2,Not Graduate,No,6125,1625,187.0,480.0,1.0,Semiurban,0,7750
LP002863,Male,Yes,3,Graduate,No,6406,0,150.0,360.0,1.0,Semiurban,0,6406
LP002868,Male,Yes,2,Graduate,No,3159,461,108.0,84.0,1.0,Urban,1,3620
LP002872,Male,Yes,0,Graduate,No,3087,2210,136.0,360.0,0.0,Semiurban,0,5297
LP002874,Male,No,0,Graduate,No,3229,2739,110.0,360.0,1.0,Urban,1,5968
LP002877,Male,Yes,1,Graduate,No,1782,2232,107.0,360.0,1.0,Rural,1,4014
LP002888,Male,No,0,Graduate,No,3182,2917,161.0,360.0,1.0,Urban,1,6099
LP002892,Male,Yes,2,Graduate,No,6540,0,205.0,360.0,1.0,Semiurban,1,6540
LP002893,Male,No,0,Graduate,No,1836,33837,90.0,360.0,1.0,Urban,0,35673
LP002894,Female,Yes,0,Graduate,No,3166,0,36.0,360.0,1.0,Semiurban,1,3166
LP002898,Male,Yes,1,Graduate,No,1880,0,61.0,360.0,1.0,Rural,0,1880
LP002911,Male,Yes,1,Graduate,No,2787,1917,146.0,360.0,0.0,Rural,0,4704
LP002912,Male,Yes,1,Graduate,No,4283,3000,172.0,84.0,1.0,Rural,0,7283
LP002916,Male,Yes,0,Graduate,No,2297,1522,104.0,360.0,1.0,Urban,1,3819
LP002917,Female,No,0,Not Graduate,No,2165,0,70.0,360.0,1.0,Semiurban,1,2165
LP002925,Male,No,0,Graduate,No,4750,0,94.0,360.0,1.0,Semiurban,1,4750
LP002926,Male,Yes,2,Graduate,Yes,2726,0,106.0,360.0,0.0,Semiurban,0,2726
LP002928,Male,Yes,0,Graduate,No,3000,3416,56.0,180.0,1.0,Semiurban,1,6416
LP002931,Male,Yes,2,Graduate,Yes,6000,0,205.0,240.0,1.0,Semiurban,0,6000
LP002933,Male,No,3,Graduate,Yes,9357,0,292.0,360.0,1.0,Semiurban,1,9357
LP002936,Male,Yes,0,Graduate,No,3859,3300,142.0,180.0,1.0,Rural,1,7159
LP002938,Male,Yes,0,Graduate,Yes,16120,0,260.0,360.0,1.0,Urban,1,16120
LP002940,Male,No,0,Not Graduate,No,3833,0,110.0,360.0,1.0,Rural,1,3833
LP002941,Male,Yes,2,Not Graduate,Yes,6383,1000,187.0,360.0,1.0,Rural,0,7383
LP002943,Male,No,0,Graduate,No,2987,0,88.0,360.0,0.0,Semiurban,0,2987
LP002945,Male,Yes,0,Graduate,Yes,9963,0,180.0,360.0,1.0,Rural,1,9963
LP002948,Male,Yes,2,Graduate,No,5780,0,192.0,360.0,1.0,Urban,1,5780
LP002949,Female,No,3,Graduate,No,416,41667,350.0,180.0,1.0,Urban,0,42083
LP002950,Male,Yes,0,Not Graduate,No,2894,2792,155.0,360.0,1.0,Rural,1,5686
LP002953,Male,Yes,3,Graduate,No,5703,0,128.0,360.0,1.0,Urban,1,5703
LP002958,Male,No,0,Graduate,No,3676,4301,172.0,360.0,1.0,Rural,1,7977
LP002959,Female,Yes,1,Graduate,No,12000,0,496.0,360.0,1.0,Semiurban,1,12000
LP002960,Male,Yes,0,Not Graduate,No,2400,3800,128.0,180.0,1.0,Urban,0,6200
LP002961,Male,Yes,1,Graduate,No,3400,2500,173.0,360.0,1.0,Semiurban,1,5900
LP002964,Male,Yes,2,Not Graduate,No,3987,1411,157.0,360.0,1.0,Rural,1,5398
LP002974,Male,Yes,0,Graduate,No,3232,1950,108.0,360.0,1.0,Rural,1,5182
LP002978,Female,No,0,Graduate,No,2900,0,71.0,360.0,1.0,Rural,1,2900
LP002979,Male,Yes,3,Graduate,No,4106,0,40.0,180.0,1.0,Rural,1,4106
LP002983,Male,Yes,1,Graduate,No,8072,240,253.0,360.0,1.0,Urban,1,8312
LP002984,Male,Yes,2,Graduate,No,7583,0,187.0,360.0,1.0,Urban,1,7583
LP002990,Female,No,0,Graduate,Yes,4583,0,133.0,360.0,0.0,Semiurban,0,4583
